form,pos,neg,time_new,result_new,time_pseu,result_pseu,fastest
formula1,1,1,0.11442810017615557,UNSAT,0.015180299989879131,UNSAT,pseu
formula2,2,1,0.0352122001349926,UNSAT,0.032090699998661876,UNSAT,pseu
formula3,3,1,0.10242350003682077,UNSAT,0.080623600166291,UNSAT,pseu
formula4,4,1,0.3769292999058962,UNSAT,0.14680579979903996,UNSAT,pseu
formula5,5,1,73.18140159989707,UNSAT,0.25483440002426505,UNSAT,pseu
formula6,6,1,300,TO,0.4423885000869632,UNSAT,pseu
formula7,7,1,300,TO,0.7937169999349862,UNSAT,pseu
formula8,8,1,300,TO,1.347075399942696,UNSAT,pseu
formula9,9,1,300,TO,1.9368320000357926,UNSAT,pseu
